ParentEduc,MathScore,ReadingScore,WritingScore
associate's degree,68.36558558558559,71.12432432432432,70.2990990990991
bachelor's degree,70.46662728883639,73.06202008269344,73.33106910809214
high school,64.43573061368032,67.21399683488659,65.42113592403727
master's degree,72.33613445378151,75.83292140385566,76.35689569945626
some college,66.3904718830092,69.17970752299111,68.50143223277551
some high school,62.58401305057096,65.51078484683705,63.63240891789016
